,0,1,2,3,4
0,0.005448089819294599,0.008646903264729772,0.028695917739492337,0.004978026058951749,0.002356296172394625
1,1.6912356377043202e-06,0.008646903264729772,0.028695917739492337,0.004978026058951749,0.002356296172394625
2,0.005445772696830396,0.008627807301657025,0.00019087510183413462,0.004977313179298371,0.002356189634430008
3,0.005448089819294599,0.008646903264729772,0.028695917739492337,0.004978026058951749,0.002356296172394625
4,0.005446982081848871,0.00863397951202176,6.322061427780402e-05,0.004977688889300278,0.002356250938724348
5,0.005448089819294599,0.008646903264729772,0.028695917739492337,0.004978026058951749,0.002356296172394625
6,1.998032378612903e-06,0.008646901557384604,0.028695915788400278,0.004978026060670709,0.0023541040591475455
7,0.005448089819294599,0.008646903264729772,0.028695917739492337,0.004978026058951749,0.002356296172394625
8,0.005446982081848871,0.00863397951202176,6.322061427780402e-05,0.004977688889300278,0.002356250938724348
9,0.005445330243837613,0.5694161948157035,0.16686195522495845,0.004982038274712511,0.999999
10,0.005448089819294599,0.008646903264729772,0.028695917739492337,0.004978026058951749,0.002356296172394625
11,0.005446982081848871,0.00863397951202176,6.322061427780402e-05,0.004977688889300278,0.002356250938724348
12,1.6912356377043202e-06,0.008646903264729772,0.028695917739492337,0.004978026058951749,0.002356296172394625
13,0.005448089164757274,0.999999,0.02869591770067613,0.999999,0.00235629617119662
14,0.005448089819294599,0.008646903264729772,0.028695917739492337,0.004978026058951749,0.002356296172394625
15,1.6912356377043202e-06,0.008646903264729772,0.028695917739492337,0.004978026058951749,0.002356296172394625
16,0.005448089819294599,0.008646903264729772,0.028695917739492337,0.004978026058951749,0.002356296172394625
17,0.005991382471878689,0.008682744106392767,0.36497939425357967,0.3961558572433802,0.01204332244305481
18,1.6912356377043202e-06,0.008646903264729772,0.028695917739492337,0.004978026058951749,0.002356296172394625
19,0.00543671014427807,0.008561115384103505,5.757518542742161e-06,0.004977646501948798,0.002355440128271313
20,0.005448089819294599,0.008646903264729772,0.028695917739492337,0.004978026058951749,0.002356296172394625
21,1.6912356377043202e-06,0.008646903264729772,0.028695917739492337,0.004978026058951749,0.002356296172394625
22,0.005448089819294599,0.008646903264729772,0.028695917739492337,0.004978026058951749,0.002356296172394625
23,1.998032378612903e-06,0.008646901557384604,0.028695915788400278,0.004978026060670709,0.0023541040591475455
24,0.00544730606429828,0.999999,0.028698203106464287,0.9646838213650583,0.04650706430611619
25,0.023374244505198503,0.08301613294532766,0.02869796467776534,0.004978246576694446,0.0023563007656548078
26,0.005448089819294599,0.008646903264729772,0.028695917739492337,0.004978026058951749,0.002356296172394625
27,0.005448089819294599,0.008646903264729772,0.028695917739492337,0.004978026058951749,0.002356296172394625
28,0.005450235176889574,0.008664116007522723,0.685597063196783,0.004978396797239136,0.9999961246111495
29,0.005448088962602731,0.008646924028245066,0.6873771821126925,0.004978026140970601,0.0023562957538461444
30,0.026513208397182405,0.00867774319884429,0.999999,0.999999,0.002359534046397753
31,0.005448089819294599,0.008646903264729772,0.028695917739492337,0.004978026058951749,0.002356296172394625
32,0.005448089819294599,0.008646903264729772,0.028695917739492337,0.004978026058951749,0.002356296172394625
33,0.005448089819294599,0.008646903264729772,0.028695917739492337,0.004978026058951749,0.002356296172394625
34,0.005448077958836756,0.00864166243133966,0.02869592891877001,3.885386505429824e-06,0.002220591625350889
35,3.312313223444061e-06,0.009968901271325086,0.028669959765823892,0.005008897452615163,0.999999
36,1.998032378612903e-06,0.008646901557384604,0.028695915788400278,0.004978026060670709,0.0023541040591475455
37,0.00543671014427807,0.008561115384103505,5.757518542742161e-06,0.004977646501948798,0.002355440128271313
38,0.005448089819294599,0.008646903264729772,0.028695917739492337,0.004978026058951749,0.002356296172394625
39,0.005448089664269848,0.00864689086314469,1e-06,0.0049780260421959524,0.002356296172395215
40,0.00543671014427807,0.008561115384103505,5.757518542742161e-06,0.004977646501948798,0.002355440128271313
41,0.005448089819294599,0.008646903264729772,0.028695917739492337,0.004978026058951749,0.002356296172394625
42,0.005448078061678845,0.008641662413302624,0.0671155267842913,3.885386505428112e-06,0.0022205916253509386
43,0.005448089819294599,0.008646903264729772,0.028695917739492337,0.004978026058951749,0.002356296172394625
44,0.005392367561492414,0.008374323897002873,0.999999,0.004953963235807478,0.0023510004016427674
45,0.00543671014427807,0.008561115384103505,5.757518542742161e-06,0.004977646501948798,0.002355440128271313
46,0.005446446447408338,0.00864605288419242,0.999999,0.0049780646088593205,0.0023562734482681083
47,0.005448089819294599,0.008646903264729772,0.028695917739492337,0.004978026058951749,0.002356296172394625
48,0.005448089819294599,0.008646903264729772,0.028695917739492337,0.004978026058951749,0.002356296172394625
49,0.0054468385953435824,0.008638125106520298,9.50805767194703e-05,0.004977668429167694,0.0023562477006141814
50,0.005448089819294599,0.008646903264729772,0.028695917739492337,0.004978026058951749,0.002356296172394625
51,0.005444338173532047,0.0449695199901548,0.02869590150455738,0.004978048213839247,0.0023563014311290056
52,0.999999,0.999999,0.3658973563522527,0.6754262891643535,0.0024422570627028323
53,0.005448089819294599,0.008646903264729772,0.028695917739492337,0.004978026058951749,0.002356296172394625
54,0.005448089819294599,0.008646903264729772,0.028695917739492337,0.004978026058951749,0.002356296172394625
55,3.3313464152489287e-06,0.008752785705946857,0.9999978961274376,0.005002703191604818,0.0023581713653768282
56,1.998032416535827e-06,0.008646901539336732,0.0671154972890241,0.004978026060668524,0.0023541040591475958
57,0.0190681198624096,7.321381708452271e-06,0.02869588143144814,0.004503751334133817,0.00221100868073305
58,0.005447894059716256,0.008648170773305252,9.508013047188153e-05,0.999999,0.0023562913470729467
59,0.00543671014427807,0.008561115384103505,5.757518542742161e-06,0.004977646501948798,0.002355440128271313
60,0.09620918345777565,0.07832179447625968,0.028722729364916426,0.999999,0.0023792647082286375
61,0.005448089819294599,0.008646903264729772,0.028695917739492337,0.004978026058951749,0.002356296172394625
62,0.005448089819294599,0.008646903264729772,0.028695917739492337,0.004978026058951749,0.002356296172394625
63,0.005444338173532047,0.0449695199901548,0.02869590150455738,0.004978048213839247,0.0023563014311290056
64,0.005450683952023947,0.008643421101095936,0.0017941062651455233,0.004975422763462068,0.0023562891818917657
65,0.00543671014427807,0.008561115384103505,5.757518542742161e-06,0.004977646501948798,0.002355440128271313
66,0.005448089819294599,0.008646903264729772,0.028695917739492337,0.004978026058951749,0.002356296172394625
67,0.005448089819294599,0.008646903264729772,0.028695917739492337,0.004978026058951749,0.002356296172394625
68,0.005448089819294599,0.008646903264729772,0.028695917739492337,0.004978026058951749,0.002356296172394625
69,0.031412967088353255,0.047236095124499514,0.028695919346633042,0.004977930375577619,0.002356274747686288
70,0.005455607592496263,0.394253258697941,0.17228140568075595,3.994963382998893e-06,0.026086656845300822
71,0.00543671014427807,0.008561115384103505,5.757518542742161e-06,0.004977646501948798,0.002355440128271313
72,0.999999,0.00864675471607575,0.028695915040976155,0.004978025400899036,0.017965279864934843
73,0.005448089819294599,0.008646903264729772,0.028695917739492337,0.004978026058951749,0.002356296172394625
74,0.07039885764710772,0.008777581732218098,0.2180920963038799,0.004966836089448027,0.0023659523680167466
75,0.00544577270267749,0.00862780731263297,0.00019087510183413462,0.004977313178014977,0.0023561896345697885
76,3.327331389679024e-06,0.00873449349337156,1e-06,0.005001978117094675,0.002358071542425922
77,0.999999,0.008646680442051252,0.028695913691717777,0.004978025071872909,0.0023562961176256695
78,0.005358674239822136,0.008289828520073064,0.00019087496118224166,0.004934684384444161,0.017560535049376963
79,0.005448089819294599,0.008646903264729772,0.028695917739492337,0.004978026058951749,0.002356296172394625
80,0.005448089819294599,0.008646903264729772,0.028695917739492337,0.004978026058951749,0.002356296172394625
81,0.005448089819294599,0.008646903264729772,0.028695917739492337,0.004978026058951749,0.002356296172394625
82,0.9999904179577831,0.008428467619153326,0.9999902439059307,0.004942079792435978,0.002357167373576834
83,0.00543671014427807,0.008561115384103505,5.757518542742161e-06,0.004977646501948798,0.002355440128271313
84,0.0054733255668384054,0.00864669108682458,2.4911133248018826e-05,0.004977932027326644,0.002356291369969977
85,0.005448160510176702,0.999999,0.2373315646398784,0.004978292567367524,0.038140871819462734
86,0.005448089819294599,0.008646903264729772,0.028695917739492337,0.004978026058951749,0.002356296172394625
87,0.005446918240311999,0.026622978742126154,0.0010005833044181487,0.004977936289002699,0.0025446695313037925
88,0.005448089819294599,0.008646903264729772,0.028695917739492337,0.004978026058951749,0.002356296172394625
89,0.005536916640048304,0.008632840214559187,0.028694130881191205,0.999999,0.002356233035133933
90,3.4751669266762396e-06,0.03819038734169667,0.09544217279685238,0.005002869221203937,0.0023583075214444168
91,0.005675854078980049,0.008115080019345996,0.999999,0.004978954572907696,0.0465074633520149
92,1e-06,0.009516456809695595,0.0286518334934203,0.999999,0.20118249533421106
93,0.0054480912927039075,0.008646884612606227,0.999999,0.0049780261768899116,0.0023562961868205602
94,0.0054457726918932725,0.008627807272129508,0.00019087510183413462,0.004977313174925558,0.002356189634224706
95,0.999999,0.008649761682951597,0.2554597524408266,0.0049783180290288625,0.0023562670828742916
96,0.005448089819294599,0.008646903264729772,0.028695917739492337,0.004978026058951749,0.002356296172394625
97,0.005453642991902807,0.008286909838123727,0.17213657321647285,0.004973405686965622,0.026680603995806847
98,0.005448089798975017,0.008646901461130958,0.028695917734159863,0.004978026057574345,0.999999
99,0.00543671014427807,0.008561115384103505,5.757518542742161e-06,0.004977646501948798,0.002355440128271313
100,0.00543671014427807,0.008561115384103505,5.757518542742161e-06,0.004977646501948798,0.002355440128271313
101,0.02337424775850087,0.008648341471222572,0.9999986699908254,0.004978246167927583,0.0023563007991631844
102,0.00543671014427807,0.008561115384103505,5.757518542742161e-06,0.004977646501948798,0.002355440128271313
103,0.005448089664269848,0.00864689086314469,1e-06,0.0049780260421959524,0.002356296172395215
104,0.10198133083478753,0.208269458298345,0.02869645839436515,0.999999,0.0023562650068144337
105,0.005448089819294599,0.008646903264729772,0.028695917739492337,0.004978026058951749,0.002356296172394625
106,0.005448089819294599,0.008646903264729772,0.028695917739492337,0.004978026058951749,0.002356296172394625
107,0.005448089806126062,0.00864669108682458,0.0076804673292912825,0.004977932027326644,0.002356291369969977
108,0.005444690186510882,0.02660015906709707,0.16688322587122778,0.00498236070955541,0.9999959373094811
109,0.005446573466075479,0.008646691705170252,1.8676583795748037e-05,0.004977791785365337,0.0023562966229802172
110,0.005448089908968375,0.008646691068777147,0.01849936204478805,0.004977932027324464,0.024255712489092987
111,0.005448089819294599,0.008646903264729772,0.028695917739492337,0.004978026058951749,0.002356296172394625
112,0.005448985655325524,0.14030952393538668,0.999999,0.04377798619093962,0.002356316779820537
113,0.005445693992847514,0.008621216961833966,0.999999,0.00498182518169743,0.002677656568050698
114,0.005448089806126062,0.00864669108682458,0.0076804673292912825,0.004977932027326644,0.002356291369969977
115,0.005448089819294599,0.008646903264729772,0.028695917739492337,0.004978026058951749,0.002356296172394625
116,0.005460654292712938,0.045034344589331726,0.15400944222095841,0.999999,0.002358777748789885
117,0.005446573466075479,0.008646691705170252,1.8676583795748037e-05,0.004977791785365337,0.0023562966229802172
118,0.005447350059389261,0.008649564960841396,0.02869598086330531,0.06993028051777153,0.0023562697806346136
119,0.005448089819294599,0.008646903264729772,0.028695917739492337,0.004978026058951749,0.002356296172394625
120,0.005447390226368836,0.00864922011022373,0.5788599351062412,0.0049780926842730834,0.999999
121,0.026498047769684507,0.008656700012351934,0.24492745092305934,0.999999,0.0023564391176368613
122,2.0513762810956302e-06,0.008654653312268237,0.0004227759925826636,0.00497865690579693,0.002342546787757318
123,0.0054467629737680575,0.008635663273118073,0.0009720682503469654,0.0049772795109457885,0.0023561955770613364
124,1.998032378612903e-06,0.008646901557384604,0.028695915788400278,0.004978026060670709,0.0023541040591475455
125,1.6925496056604042e-06,0.008653828427914966,0.8450780905093257,0.004978002065751347,0.002356295341849073
126,0.0054498857381340745,0.008659963566237425,0.999999,0.004978310276663358,0.4092094358052142
127,0.005448089819294599,0.008646903264729772,0.028695917739492337,0.004978026058951749,0.002356296172394625
128,0.031124283398797258,0.999999,0.17221598238108524,0.00469550571549817,0.0023580249881313565
129,0.005452425932030503,0.00864910335339269,0.8451086674880934,0.026392577551927955,0.002356305390891847
130,0.005445772689450273,0.16420884124565305,0.00019087510183435228,0.004977313175953067,0.002356189633865786
131,0.005450714380329135,0.9999615890107495,0.0005018834198708022,0.004980494626269063,0.999999
132,0.005448089806126062,0.00864669108682458,0.0076804673292912825,0.004977932027326644,0.002356291369969977
133,0.039430261765666566,0.999999,0.999999,0.005077213084364656,0.999999
134,0.005449170410830476,0.008636340860152171,0.0005948638113703284,0.00497544919514794,0.016566822740302873
135,0.02647741070522804,0.999999,0.029932090731424096,0.005159164189663184,0.0023561256287572725
136,0.016963979904822377,0.008697687175220395,0.028560395819295703,0.004969160330163079,0.9998738234958897
137,0.005448089806126062,0.00864669108682458,0.0076804673292912825,0.004977932027326644,0.002356291369969977
138,0.005448089819294599,0.008646903264729772,0.028695917739492337,0.004978026058951749,0.002356296172394625
139,0.00544808981929094,0.008646903262664016,0.18182931730262544,0.0049780260589516465,0.035259049855771545
140,0.005448089819294599,0.008646903264729772,0.028695917739492337,0.004978026058951749,0.002356296172394625
141,0.999999,0.008814201334592037,0.02869595766244586,0.00540089417571302,0.0023562915847969938
142,0.005448089819294599,0.008646903264729772,0.028695917739492337,0.004978026058951749,0.002356296172394625
143,0.005461509459719006,1.2282015533253539e-05,0.0076804673292912755,0.004977929966484338,0.002356291258869095
144,0.0054480489569649695,7.322363396543744e-06,0.02869588318005285,0.004503771777904467,0.0022110562389833373
145,0.999999,0.00864917883949881,0.9300045844666459,0.026392531203922764,0.002356305873387958
146,1.5179149456026241e-05,0.008240374339918833,0.09545099946758721,0.999999,0.999999
147,0.005448089819294599,0.008646903264729772,0.028695917739492337,0.004978026058951749,0.002356296172394625
148,0.016992692920941268,0.008690192472682528,5.727234365425421e-06,0.999999,0.011761328348065158
149,0.0054309703224171444,0.07743939396423039,0.02871551357995334,0.004982071087035113,0.999999
150,0.999999,0.008646903343190853,9.508057677859794e-05,0.004978026058240774,0.026734844862191853
151,0.005448089806126062,0.00864669108682458,0.0076804673292912825,0.004977932027326644,0.002356291369969977
152,0.005448384054617284,0.008657137792773075,0.999999,0.004978153467043622,0.999999
153,0.005448089819294599,0.008646903264729772,0.028695917739492337,0.004978026058951749,0.002356296172394625
154,0.005413818048693595,0.00866419789165477,0.999999,0.004981393556717543,0.008878851135379846
155,0.999999,0.999999,0.15283071044408728,0.004978026091300821,0.0023562961605525247
156,0.005445772944485407,0.21221539202821987,0.00019087510688107148,0.00497731319088915,0.002356189633550196
157,0.01699269715709817,0.008690180288097293,0.0002956261114123993,0.0053096767246448625,0.011761328418596709
158,0.0054209605761334845,0.999999,0.028710645426060274,0.00498423692129923,0.008877792216128253
159,0.005448089819294599,0.008646903264729772,0.028695917739492337,0.004978026058951749,0.002356296172394625
160,0.005448089908968375,0.008646691068777147,0.01849936204478805,0.004977932027324464,0.024255712489092987
161,0.005445772696403837,0.008627807287346257,0.00019087510183413462,0.004977313176672861,0.002356189634419153
162,0.0233784196524808,0.999999,0.9999947033303604,0.005156162611585479,0.021218693839439168
163,0.999999,0.00864669108682458,0.0076804673292912825,0.004977932027326644,0.002356291369969977
164,0.005448089806126062,0.00864669108682458,0.0076804673292912825,0.004977932027326644,0.002356291369969977
165,0.005446573466075479,0.008646691705170252,1.8676583795748037e-05,0.004977791785365337,0.0023562966229802172
166,0.005448208831589914,0.008650149918779325,0.999999,0.999999,0.0023562865643682717
167,0.005448089908968375,0.008646691068777147,0.01849936204478805,0.004977932027324464,0.024255712489092987
168,0.005448078080402665,0.009279008967097515,0.1528307608594835,1.791750493330257e-05,0.0022205916253952083
169,0.005448089819294599,0.008646903264729772,0.028695917739492337,0.004978026058951749,0.002356296172394625
170,0.005445772677028725,0.00862759547174784,5.00128572039106e-05,0.004977219157186182,0.0023561848320618186
171,0.02651337013883945,0.008656267308105738,0.999999,0.005156643577503135,0.999999
172,0.005448089819294599,0.008646903264729772,0.028695917739492337,0.004978026058951749,0.002356296172394625
173,0.005436710146850264,0.008561113913117244,1e-06,0.004977646503327406,0.002355440128404713
174,0.005411814557232917,0.00788742824258358,0.999999,0.004960300527545922,1.8512658995637862e-06
175,0.005461509459719006,1.2282015533253539e-05,0.0076804673292912755,0.004977929966484338,0.002356291258869095
176,1.9992192068582297e-06,0.008645748019219239,0.21899021310537622,0.0049779417054324985,0.002354092493186076
177,0.00544773692889705,0.00864275954162519,0.999999,0.004977939271105846,0.0023562862574702938
178,0.005448089819294599,0.008646903264729772,0.028695917739492337,0.004978026058951749,0.002356296172394625
179,0.03502004535957698,0.008645528641167253,0.06711537242370799,0.999999,0.0023562942889790157
180,0.9999981456572353,0.008668758536110393,0.999999,0.00497850534220348,0.00235627198754755
181,0.005417035056206112,0.9908257876606545,0.5796175419191807,0.004997128422278229,0.0023568428427533537
182,0.00545903118446962,0.07749621623580383,0.999999,0.004967034338019875,0.2962300910758733
183,0.023373081855360533,0.999999,0.02869643016045604,0.004978146514184907,0.0023563422653789814
184,0.005448089819294599,0.008646903264729772,0.028695917739492337,0.004978026058951749,0.002356296172394625
185,0.005449047856743752,0.999999,0.10079223774032131,0.0049782871994840565,0.002356332312582983
186,0.005448089664269848,0.00864689086314469,1e-06,0.0049780260421959524,0.002356296172395215
187,0.005439871806443539,0.008021160201022245,0.36590732206910515,0.999999,1.8536494529996411e-06
188,0.005409247850430457,0.03329738294364272,0.007706715982392616,0.005115027106469246,0.999999
189,0.999999,0.008162113318612387,0.9999715515133276,0.034582017244600735,0.0023562731912994965
190,0.005448156526021263,0.008652991364773219,0.999999,0.999999,0.002356276786439967
191,0.005447584879561912,0.999999,0.02869569572913789,0.0049887353922926795,0.002356273120625975
192,0.999999,0.008603282095867075,0.02869543751164218,0.004977955883108362,0.002355902103069314
193,0.9999863101274774,1.2337601660725324e-05,0.0671225654653658,0.004695721234090829,0.0023580345624086047
194,1.9913039149899608e-06,0.03357533876159309,0.6047522493564818,3.990955852793438e-06,0.0022200191788871518
195,0.005448089819294599,0.008646903264729772,0.028695917739492337,0.004978026058951749,0.002356296172394625
196,0.005461509459719006,1.2282015533253539e-05,0.0076804673292912755,0.004977929966484338,0.002356291258869095
197,0.005449808778191262,0.008654636352442612,0.999999,0.004978657022126937,0.0023447281786617763
198,0.005448089819294599,0.008646903264729772,0.028695917739492337,0.004978026058951749,0.002356296172394625
199,0.005448089922136911,0.008646903246681896,0.06711550167183919,0.004978026058949569,0.0023562961723946753
200,0.005448089819294599,0.008646903264729772,0.028695917739492337,0.004978026058951749,0.002356296172394625
201,0.005448089819294599,0.008646903264729772,0.028695917739492337,0.004978026058951749,0.002356296172394625
202,0.005448089664378117,0.008646890842005485,3.1396324665316715e-05,0.004978026042275059,0.999999
203,0.0054304637212033895,0.007955796685452082,0.999999,0.00496940869984745,1.8532133987411909e-06
204,0.005450683404213926,0.008643435410852742,0.999999,0.004975422841427599,0.002356288763494451
205,0.999999,0.008645545851927419,0.007680480625649132,0.0049779137086500645,0.002356234649978592
206,0.005447371771502713,0.00864782644465406,0.9999986700749104,0.004978080699292144,0.999999
207,0.00019860316772536492,0.006023638189234783,0.8085314184212112,2.1594098125413665e-05,0.0023492845823084394
208,0.005448089819294599,0.008646903264729772,0.028695917739492337,0.004978026058951749,0.002356296172394625
209,0.005426698363022174,0.008569607286958983,0.02870924596910584,0.004980545615047364,0.999999
210,0.999999,0.008642086609506662,0.21762009028484622,0.004975401203972433,0.002356287398519571
211,0.005427608573197799,0.008564528168001597,0.9898151977189981,0.999999,0.032499814504456354
212,0.10182552976695242,0.31595059030377237,0.028808095043152265,0.004972326903094247,1.8536167329537196e-06
213,0.005448089819294599,0.008646903264729772,0.028695917739492337,0.004978026058951749,0.002356296172394625
214,0.005448087310368677,0.008646850921923455,0.028695914942097767,0.00497802552835173,0.999999
215,3.3044776016740996e-06,0.008612191664589736,0.999999,0.0049906785239890745,0.002355527348823109
216,0.005420698482042874,0.008514285256011592,0.999999,0.00496601897941327,0.002353652909191702
217,0.005512297517565689,0.999999,0.999999,0.0059467590887110535,0.017429281334492844
218,0.005448089821872152,0.00864690177913184,6.322061427780402e-05,0.004978026060330466,0.0023562961725280733
219,0.005447511567706701,0.008647441213647192,0.10783794361958877,0.004978001904803245,0.017601924692363782
220,0.005421174060053014,0.008718579945997127,0.02871086107760758,0.004984287136230461,0.999999
221,0.0054211740601647065,0.008718579969165398,0.028710861078012222,0.0049842871362348225,0.999999
222,0.005448089819294599,0.008646903264729772,0.028695917739492337,0.004978026058951749,0.002356296172394625
223,0.999999,0.008646921420768321,0.23731795730190053,0.00497802585989193,0.0023562961620008905
224,0.005446573466075479,0.008646691705170252,1.8676583795748037e-05,0.004977791785365337,0.0023562966229802172
225,0.005448114322958703,0.008646808272624849,0.999997757965327,0.004978043108304778,0.0023562963171689503
226,0.005448089065460797,0.008646924012336629,0.9825763307012579,0.00497802614096843,0.01659742008303992
227,0.005448089819294599,0.008646903264729772,0.028695917739492337,0.004978026058951749,0.002356296172394625
228,0.005445464944760608,0.026596144693302085,0.999999,0.004982324340610182,0.0025620005682844803
229,0.033306036250531044,0.008646856539451887,0.028695933612090302,0.999999,0.0023563073044308505
230,0.005448089806126062,0.00864669108682458,0.0076804673292912825,0.004977932027326644,0.002356291369969977
231,0.005446877869506064,0.00854087944792224,0.999999,0.004965387595355826,0.002356422323092965
232,0.005437783819010393,0.0085721340483059,0.00015393925060258577,0.004972705328399,0.0023569939427050715
233,0.00544814349014306,0.692893151522628,0.028811693781984282,0.0052193558883730585,0.999999
234,1.998032378612903e-06,0.008646901557384604,0.028695915788400278,0.004978026060670709,0.0023541040591475455
235,0.999999,0.008646556557483094,0.9999969468985226,0.004978025899228272,0.012043284149652124
236,0.0006005558577598313,0.008607060109763755,0.028696333183894748,0.04377922914159704,0.0023563104873563674
237,0.03502029434848635,0.00864688140304886,0.18763682015393096,0.004978026099343444,0.01796527983300574
238,0.005448089819138027,0.008646903267201548,0.9999980248789311,1.0803278641571357e-05,0.01659742298915154
239,0.02328884405828296,0.008708777488168356,0.9999982907370408,0.004981156918952526,0.002354996074087653
240,1.6946476653330117e-06,0.00830414258553025,0.999999,0.004942211672730054,0.0023536887107868496
241,0.999999,0.008644263432268538,0.7087450282782489,8.855615349909612e-05,0.0022205620842674074
242,0.005436571098619568,0.007995429879552412,0.00019164022203251683,0.004971518389917078,1.8535434836150137e-06
243,0.005445772694125391,0.008627807303328386,0.00019087510183413462,0.004977313177031636,0.002356189633684574
244,0.005421174060165217,0.008718579970117294,0.02871086107801208,0.0049842871362348485,0.999999
245,0.016964368662233557,0.008692938363384984,0.02856687690467942,0.026346707202058707,0.03260177751267142
246,0.999999,0.008650186897245669,0.999999,0.004975395041642979,0.002356288289446877
247,0.005414808202002177,0.08944330417062221,0.999999,0.004993103163849663,0.008937223334460152
248,0.005427541628592076,0.008563809373141659,0.06715520956761567,0.026405490411872467,0.03247264302683799
249,0.01908013759259646,0.008645347080243651,0.999999,0.10236048238296391,0.002356273798116254
250,0.999999,0.008580302955286319,0.999999,0.004967200756663293,0.002356654554588408
251,1.998032378612903e-06,0.008646901557384604,0.028695915788400278,0.004978026060670709,0.0023541040591475455
252,0.005452298972313049,0.008653842724247233,0.999999,0.004978002143751584,0.0023562949234505973
253,0.999999,0.008646680442056343,9.508052656370954e-05,0.0049780250718727105,0.0023562961176256778
254,0.999999,0.08892460951654765,0.9875088255063467,0.004981515669775733,0.002356279304524226
255,0.005433469888838212,0.999999,0.9999988564144828,0.004983562828097841,0.0023779305109973433
256,0.005448089819294599,0.008646903264729772,0.028695917739492337,0.004978026058951749,0.002356296172394625
257,0.999999,0.7511394537264905,0.9986250854538488,0.004984400349947741,0.999999
258,0.005448091193293446,0.008646891098756675,0.8401025162656364,0.004978026180249516,0.0023562961866595016
259,0.09616627135058875,0.008611043842468514,0.999999,0.004973790783142176,0.0023565153815116218
260,0.005448089819294599,0.008646903264729772,0.028695917739492337,0.004978026058951749,0.002356296172394625
261,0.00544577268437706,0.00862759541488264,5.00128572039106e-05,0.004977219154616671,0.0023561848315362677
262,0.999999,1.2283242995368863e-05,0.999999,0.004978037459846635,0.0023562967132615084
263,0.03933190990610478,0.008740826692542772,9.508398438265658e-05,0.005095956166152863,0.002356300666069631
264,0.023374423784148318,0.08398546037564104,0.8015850277061858,0.004978245215431036,0.0023563017628998244
265,0.005429754335012092,0.03600283207271541,0.028780608743808937,0.999999,0.002357880466246447
266,0.006322305245113206,0.008656671631658452,0.999999,0.004978689972560974,0.01742875093030381
267,0.03819538224316506,0.008645868160748854,0.7878954560130029,0.999999,0.0023562966883987403
268,0.005507474423712098,0.009704469225542802,0.999999,0.999999,0.0023554468196553846
269,0.999999,0.9862517051718303,0.9999299849617299,0.005954211637780123,0.026734817911624995
270,0.999999,0.00878071183004883,0.06678703914223802,0.00496679681427402,0.002365928442144523
271,0.04186420382437164,0.11034549623134866,0.1008037211034858,0.004976910998396058,0.999999
272,0.005446573466075479,0.008646691705170252,1.8676583795748037e-05,0.004977791785365337,0.0023562966229802172
273,0.005446838593091637,0.008635326278954749,9.50805767194703e-05,0.004977668426700576,0.0023562472286758752
274,0.005448089921011858,0.008646895571102141,0.999999,0.004978025882979046,0.002356296157813248
275,0.0054469538428441105,0.00863841745970606,0.999999,0.004971446254988998,0.0023819498368873233
276,0.037094262386419684,0.999999,0.02869590854743646,0.004978022730776279,0.002356296055960521
277,0.005433757671364921,0.032613629092698326,0.999999,0.005076503363368434,0.002358779570920811
278,0.005445772677770359,0.008627595444591518,5.00128572039106e-05,0.004977219155819116,0.0023561848319805126
279,1.691537723693898e-06,0.008627263780812203,0.9999748745764369,0.00498290185508051,0.999999
280,0.005451735145568968,0.008571688881710426,0.999999,0.07041524659194898,0.0023591586914669923
281,0.00543671014427807,0.008561115384103505,5.757518542742161e-06,0.004977646501948798,0.002355440128271313
282,0.03856495048834386,0.008638869431235242,0.06711561821562721,0.004977852180971342,0.0023562748183034517
283,0.005448089819294599,0.008646903264729772,0.028695917739492337,0.004978026058951749,0.002356296172394625
284,0.005420959991213848,0.999999,0.028710645386361193,0.0049842378068792655,0.008877786869933285
285,0.0054325350720796604,0.008545219072058456,0.999999,0.004972623887474704,0.0023544383104314457
286,0.005461094058077713,0.05503085974874351,0.028718036414744533,0.999999,0.999999
287,0.005448089819294599,0.008646903264729772,0.028695917739492337,0.004978026058951749,0.002356296172394625
288,0.04069048124759592,0.031889886831062045,0.0001915851577670418,0.00494509599514743,0.06014569597989267
289,0.005448079432254049,0.008641643790422482,0.9999986699715564,3.885386598017023e-06,0.002220591638947891
290,0.005486040476407584,0.008406961919911662,0.999999,0.0049585573235880285,0.002352605911744165
291,0.005448077958836756,0.00864166243133966,0.02869592891877001,3.885386505429824e-06,0.002220591625350889
292,0.005481750793922586,0.008590931014015252,0.999999,0.999999,0.0023563341255471862
293,0.005443083770004551,0.999999,0.06709471042014846,0.022629660383959554,0.002356192870773125
294,0.005468485899836205,0.008640983282036739,0.028691211881063067,0.999999,0.002356650397786935
295,0.017071991654573876,0.04572781820839743,0.24312560301574276,0.005055156634653035,0.016601084989676634
296,0.999999,0.34743732429496654,0.9681084872346196,0.005079003003100149,0.07658294684963189
297,0.0054457726977832875,0.00862780735758516,0.00019087510183437773,0.004977313176772137,0.016597039998501213
298,0.00543671014427807,0.008561115384103505,5.757518542742161e-06,0.004977646501948798,0.002355440128271313
299,0.005448089819294599,0.008646903264729772,0.028695917739492337,0.004978026058951749,0.002356296172394625
300,0.9082579685594616,0.1460037033489078,0.999586266298145,0.005080374617572712,0.0025687844433743196
301,0.999999,0.00867029430327842,0.999999,0.03464767546980793,0.002356184709895562
302,0.005424863634441094,0.999999,0.028771426798418962,0.005130719050576145,0.0023577790253942067
303,0.005427977187789523,0.008532581575096489,0.999999,0.004985252556645646,0.999999
304,0.999999,0.008710399644527415,0.999999,0.004972799079275661,0.018157786341673136
305,1.6912356377043202e-06,0.008646903264729772,0.028695917739492337,0.004978026058951749,0.002356296172394625
306,0.005448089806126062,0.00864669108682458,0.0076804673292912825,0.004977932027326644,0.002356291369969977
307,0.00543671014427807,0.008561115384103505,5.757518542742161e-06,0.004977646501948798,0.002355440128271313
308,0.005448089819294599,0.008646903264729772,0.028695917739492337,0.004978026058951749,0.002356296172394625
309,0.005439932475282177,0.008021935503000888,0.999999,0.004972301303365204,1.8536509392606237e-06
310,0.005448875940020089,0.999999,0.9999832595609591,0.0049785642858880584,0.999999
311,0.999999,0.008138173722339812,0.999999,0.004982937671448292,0.002357615581609186
312,1.6912368333178206e-06,0.008646899935017424,0.6591250873961101,0.004978026240706267,0.0023562961903871357
313,0.005448089819294599,0.008646903264729772,0.028695917739492337,0.004978026058951749,0.002356296172394625
314,0.999999,0.00853562827826601,0.999999,0.005833030834728664,0.016587715840777915
315,0.999999,0.008781141779724439,0.999999,0.03492311009281312,0.026735495411647
316,0.005448089806126062,0.00864669108682458,0.0076804673292912825,0.004977932027326644,0.002356291369969977
317,0.00543671014427807,0.008561115384103505,5.757518542742161e-06,0.004977646501948798,0.002355440128271313
318,0.005448089819294599,0.008646903264729772,0.028695917739492337,0.004978026058951749,0.002356296172394625
319,0.999999,0.3397325849446573,0.999999,0.004977944259488588,0.0023562753664419884
320,0.005685871789891444,0.00815911394412052,0.9754274642351496,0.999999,0.002356292379818258
321,0.005447400074579838,0.00864019997540486,0.999999,0.004985654878053027,0.0023562539394334048
322,1.6912356377043202e-06,0.008646903264729772,0.028695917739492337,0.004978026058951749,0.002356296172394625
323,0.005448089819294599,0.008646903264729772,0.028695917739492337,0.004978026058951749,0.002356296172394625
324,1.684161262705917e-06,0.008639877645951035,0.999999,0.999999,0.05661397887686519
325,0.999999,0.008710410327587861,0.999999,0.004696663323117354,0.0023464686530151662
326,0.005449903395999711,0.999999,0.9925066461033998,0.14812355471736052,0.002356326705404547
327,0.25046888253059024,0.08889804870002828,0.999999,0.004980045168903457,0.002355605706947935
328,0.005988478517360758,0.008638981196914563,0.999999,0.004978236980123313,0.999999
329,0.1912004448069346,0.008614338618357005,0.9971372406766381,0.004980567787033622,0.999999
330,0.005449101014134843,0.999999,0.9874353720841335,0.004978081530225545,0.002356307661987921
331,1.691229423705786e-06,0.00864659286142651,0.999999,0.004978023748664547,0.002356296009292991
332,0.005416978756924554,0.1002597430717054,0.999999,0.004969976419237593,0.0023696646913981736
333,0.09981118972496975,0.008655734069876315,0.869703208234894,0.9999957277067493,0.999999
334,0.00543671014427807,0.008561115384103505,5.757518542742161e-06,0.004977646501948798,0.002355440128271313
335,0.00543671014427807,0.008561115384103505,5.757518542742161e-06,0.004977646501948798,0.002355440128271313
336,0.0054246678957397595,0.008551186363771697,0.9118568378817731,0.004984505519217654,0.999999
337,0.005448089921011858,0.008646895571102141,0.999999,0.004978025882979046,0.002356296157813248
338,0.005448089819294599,0.008646903264729772,0.028695917739492337,0.004978026058951749,0.002356296172394625
339,0.005444432985706104,0.008620767255413048,0.999999,0.00497767548437232,0.0023442297063099005
340,0.10007968727829263,0.9972268024885288,0.999999,0.005082566600684218,0.05864242663068317
341,0.999999,0.008101465567270453,0.999999,0.004915451572635636,0.016634197551744338
342,0.005430094728074306,0.00876755186707396,0.999999,0.004977100901096165,0.999999
343,0.03856466822426879,0.008646903266241941,0.02869591773948491,0.004978026058767483,0.00235629617239366
344,0.03936734791866416,0.999999,0.02870523789009242,0.004978644739722328,0.016756784322590697
345,0.02322532204549722,0.008546550155396139,0.999999,0.004969031136102129,0.0023523909198958372
346,0.00543671014427807,0.008561115384103505,5.757518542742161e-06,0.004977646501948798,0.002355440128271313
347,0.0054480489569649695,7.322363396543744e-06,0.02869588318005285,0.004503771777904467,0.0022110562389833373
348,0.999999,0.008810079084265043,0.8820865379890059,0.004979444948790259,0.008907973253031665
349,1.996256933225484e-06,0.008597572119586575,0.999999,0.0049815021258636984,0.00235518796973482
350,0.005447400074579838,0.00864019997540486,0.999999,0.004985654878053027,0.0023562539394334048
351,0.999999,0.08894304214163475,0.999999,0.004981601415598789,0.05511061224230579
352,0.0054465735688893225,0.008646691687122812,4.547951865601681e-05,0.004977791785363157,0.002356296622980267
353,0.999999,0.1528808815372319,0.06728249011200291,0.004978343849207078,0.02433748290221849
354,0.999999,0.21203595848391757,0.999999,0.005007308555092904,0.026725264692674573
355,0.005447709072279294,0.008645125027308718,0.6040320041418255,0.999999,0.0023562866683415652
356,0.0055169876853882775,0.999999,0.999999,0.999999,0.002343165333455589
357,0.005448089819294599,0.008646903264729772,0.028695917739492337,0.004978026058951749,0.002356296172394625
358,0.005449740308160774,0.10117087808901261,0.9999614097809071,0.999999,0.0023563283317440905
359,0.1019737684299878,0.008654025572469644,0.0016189804057133302,0.999999,0.002356231802558467
360,0.005448089819294599,0.008646903264729772,0.028695917739492337,0.004978026058951749,0.002356296172394625
361,0.999999,0.008646933491078923,0.45752785612179997,0.004978028592180058,0.0023562900968784866
362,0.0001986012023595127,0.007300028491135329,0.0286959181376767,0.00495840465602785,0.10966851114387727
363,0.999999,0.6009448875360761,0.02871449786161036,0.004989268469232949,0.0023563052102669024
364,0.005445835932631522,0.008628475030764804,0.002212212503214593,0.004977326535353549,0.0023561902715496918
365,0.005417956200591489,0.00864958327003393,0.999999,0.004981027704983458,0.008877395465631316
366,0.02337981402279481,0.008656252414398902,0.999999,0.004978371980715765,0.0023563682543287718
367,0.005448089806126062,0.00864669108682458,0.0076804673292912825,0.004977932027326644,0.002356291369969977
368,0.00543671014427807,0.008561115384103505,5.757518542742161e-06,0.004977646501948798,0.002355440128271313
369,1.6912356687330217e-06,0.008646896778570275,0.9999313318079193,0.004978026055592149,0.0023562961725556836
370,0.005451438930997356,0.008355420934353344,0.999999,0.004944293483423642,0.0023561823125374482
371,1.6912569519845539e-06,0.9812530675569856,0.7438188120828145,0.999999,0.002356239774656232
372,0.005448089819294599,0.008646903264729772,0.028695917739492337,0.004978026058951749,0.002356296172394625
373,0.005448089819294599,0.008646903264729772,0.028695917739492337,0.004978026058951749,0.002356296172394625
374,0.005448089819294599,0.008646903264729772,0.028695917739492337,0.004978026058951749,0.002356296172394625
375,0.005448505639623464,0.999999,0.999999,0.004992691451739539,0.0023594056541760347
376,0.005443853717059773,0.008622401659808517,0.999999,0.004981879980108595,0.9999956116277984
377,0.005448089819294599,0.008646903264729772,0.028695917739492337,0.004978026058951749,0.002356296172394625
378,0.09613655498101947,0.14056478743923065,0.9999964031384816,0.004978235986019554,0.999999
379,0.005443594894572602,0.008616561979331135,0.999999,0.004976614209909286,0.002356060969294562
380,0.999999,0.9968442067446864,0.5775687324535531,0.004966768851188842,0.0268417599059575
381,0.005448089819294599,0.008646903264729772,0.028695917739492337,0.004978026058951749,0.002356296172394625
382,0.999999,0.008682564743844866,0.999999,0.999999,0.002356263749093842
383,0.005448089819294599,0.008646903264729772,0.028695917739492337,0.004978026058951749,0.002356296172394625
384,1.6912356377043202e-06,0.008646903264729772,0.028695917739492337,0.004978026058951749,0.002356296172394625
385,0.005450751040332342,0.008644083145140587,0.9968826328409712,0.004975436302086588,0.0023562898376713872
386,0.005428755864285226,0.008569408169126798,0.999999,0.004979904342402427,0.03247358811356274
387,0.005450755525886846,0.008644913346942966,0.999999,0.0049832604766034535,0.0023562327780718944
388,0.005404087835806235,0.999999,0.8586687957668308,0.999999,0.009589169045300272
389,0.005448042665001119,0.008646521541098833,0.06711570091845336,0.004977995067929287,0.999999
390,0.0497093773859914,0.00860239833975293,0.2176100776652422,0.004975391391453843,0.017425769629293788
391,0.999999,0.008666341868348968,0.999999,0.005156808037831556,0.0023564518333940333
392,0.00541619238010997,0.999999,0.2373548633354706,0.999999,0.06015480545997878
393,0.005421174060165217,0.008718579970117294,0.02871086107801208,0.0049842871362348485,0.008877800508544661
394,0.005447871266500461,0.008643162074094,0.999999,0.999999,0.00235628718315948
395,0.005416193025423364,0.1656941211115973,0.028701600943403762,0.999999,0.00887741384823282
396,0.999999,0.008656074864946883,0.999999,0.00497833477816313,0.016597376950022398
397,0.005448126314268007,0.008646592028900004,0.999999,0.004978023984318186,0.0023562960132330326
398,3.329670948342407e-06,0.999999,0.2775232345505356,0.005002968201363907,0.002358202652388911
399,1.997770432661269e-06,0.999999,0.02869369890549752,0.004978053056937789,0.0023541371199112754
400,0.005448089819294545,0.008646903264665483,0.0286959177394923,0.004978026058951749,0.999999
401,0.005448089819294599,0.008646903264729772,0.028695917739492337,0.004978026058951749,0.002356296172394625
402,0.7114331714331324,0.999999,0.24493308996534277,0.005157062435130367,0.002356413063620903
403,0.005448089806126062,0.00864669108682458,0.0076804673292912825,0.004977932027326644,0.002356291369969977
404,0.00543671014427807,0.008561115384103505,5.757518542742161e-06,0.004977646501948798,0.002355440128271313
405,0.005448089921011858,0.008646895571102141,0.999999,0.004978025882979046,0.002356296157813248
406,0.005418646038152316,0.999999,0.964059236093176,0.999999,0.002356848101647213
407,0.005448273941426387,0.008646910040712736,0.343336559994722,0.004978025975092284,0.002356296172597322
408,0.005463955874252112,0.8594916701762964,0.999999,0.0057244696924842065,0.002357894617451199
409,0.005498801627241727,0.008562005751982236,0.999999,0.004974258070650805,0.0023553921389603085
410,0.005447768367778928,0.00865447194254583,0.999999,0.999999,0.0026594666870557383
411,0.026644574546798677,0.010129782604365244,0.999999,0.999999,0.0023564545155146583
412,0.005448089819294599,0.008646903264729772,0.028695917739492337,0.004978026058951749,0.002356296172394625
413,0.005448091704950975,0.008646702918554667,0.9414043748422385,0.004978026408087374,0.999999
414,1.998032416535827e-06,0.008646901539336732,0.0671154972890241,0.004978026060668524,0.0023541040591475958
415,0.005449060508368576,7.330334124898462e-06,0.9994977223230037,0.004503837718006131,0.0022110678284201035
416,1.6912356377043202e-06,0.008646903264729772,0.028695917739492337,0.004978026058951749,0.002356296172394625
417,1.6912356377043202e-06,0.008646903264729772,0.028695917739492337,0.004978026058951749,0.002356296172394625
418,0.005448894906831742,0.999999,0.2144282098043187,0.004980499135619235,0.016597351094680798
419,0.005421174054155658,0.00871857951968896,0.02871086107800697,0.00498428713597817,0.999999
420,1.6912553823691926e-06,0.008647571970675156,0.25545408972645084,0.004978039417014807,0.999999
421,1.6912356377043202e-06,0.008646903264729772,0.028695917739492337,0.004978026058951749,0.002356296172394625
422,0.005396456271563013,0.21266492133596226,0.028796054410515252,0.004999590512240067,0.999999
423,0.005437783716361564,0.008572134066199064,6.322061427780402e-05,0.004972705328401177,0.999999
424,0.005445459844675888,0.999999,9.45070489144036e-05,0.005098262527969976,0.002356290077852574
425,0.00543671014427807,0.008561115384103505,5.757518542742161e-06,0.004977646501948798,0.002355440128271313
426,0.005448089819294599,0.008646903264729772,0.028695917739492337,0.004978026058951749,0.002356296172394625
427,0.005448089819294599,0.008646903264729772,0.028695917739492337,0.004978026058951749,0.002356296172394625
428,0.005427415688315325,0.008568488271511562,0.028707081494073774,0.004980491204965694,0.03247250871985112
429,0.005448089819294599,0.008646903264729772,0.028695917739492337,0.004978026058951749,0.002356296172394625
430,0.005444851736516617,0.00934537682617053,0.999999,0.022543322802827476,0.999999
431,6.91782666670465e-05,0.05570089293276515,0.10777403495023373,0.0051045519368260826,0.002442494800333417
432,0.005389746015670083,0.008325940677014677,0.999999,0.022464717923643716,1.849949972440673e-06
433,0.13788490433187395,0.008465697874975283,0.999999,0.004829389204729003,0.999999
434,0.999999,0.008647472352153933,0.0076804681405381785,0.06992879547989599,0.0023562804007420846
435,0.00542729461486127,0.008566803264901158,0.6041254130544881,0.004980472380342611,0.999999
436,1.998032307583218e-06,0.00864692389035935,0.06711549816789182,0.999999,0.002354104061166371
437,0.005433451579515065,0.7539472263710044,0.9999313885373436,0.004984574865221429,0.999999
438,0.005428756835039509,0.008569411639191287,0.999999,0.004979904456423432,0.999999
439,0.005446326814865652,0.007130717183539867,0.028695575825640935,2.1674785498152528e-05,0.053505184227389854
440,0.999999,0.008646980481570274,0.028695915705273717,0.004978017125626316,0.0023562966549360307
441,0.005579667243262016,0.051751334145055845,0.02930593811920581,0.00507585660579634,0.5106871577477061
442,0.005447717180953511,0.5565180272960834,0.028697919349373904,0.999999,0.002356262559067696
443,1.9969722743436325e-06,0.10047458878617006,0.9030784172070736,0.999999,0.0023701237561658543
444,0.04969540477477865,0.00861369445225694,0.2682951599792078,0.0049779610011103075,0.002355911228953122
445,0.999999,0.008750509444051601,0.999999,0.004975864277219025,0.0023643771169251614
446,0.005461509459719006,1.2282015533253539e-05,0.0076804673292912755,0.004977929966484338,0.002356291258869095
447,0.005448089819294599,0.008646903264729772,0.028695917739492337,0.004978026058951749,0.002356296172394625
448,0.005448089806126062,0.00864669108682458,0.0076804673292912825,0.004977932027326644,0.002356291369969977
449,0.005429846768829815,0.999999,0.999999,0.005112591194740904,0.0023578823338557993
450,0.005448089819294599,0.008646903264729772,0.028695917739492337,0.004978026058951749,0.002356296172394625
451,0.005448089819294599,0.008646903264729772,0.028695917739492337,0.004978026058951749,0.002356296172394625
452,0.005438885529444807,0.008013590474041772,0.028807652677376706,0.004972230692302868,1.8536409971886362e-06
453,0.005448089819294599,0.008646903264729772,0.028695917739492337,0.004978026058951749,0.002356296172394625
454,0.005446533104319089,0.008613688300960994,0.999999,0.0049740245831058445,0.0023560562351102932
455,0.005422119783829547,0.10161288500465081,0.999999,0.999999,0.7038983140021368
456,0.005448089819294599,0.008646903264729772,0.028695917739492337,0.004978026058951749,0.002356296172394625
457,0.005450685599542913,0.008643399350011032,0.999999,0.004975422887735612,0.0023562891962513456
458,0.0054507096802601605,0.008644643644233771,0.9996795333442929,0.00497543534828136,0.002356291221067067
459,0.999999,0.008638657545154879,0.007680481520609177,0.004977758151905486,0.00235627001592604
460,0.999999,0.08904838660574056,0.3649799657670663,0.0049842752985633796,0.999999
461,0.999999,0.00860368356182709,0.028807572410187412,0.02252527463611164,1.8536393637048999e-06
462,0.005453691594973893,0.008567866996818335,0.999999,0.004964293909912327,0.002356653764456356
463,0.005448089819294599,0.008646903264729772,0.028695917739492337,0.004978026058951749,0.002356296172394625
464,0.02337424775850087,0.008648341471222572,0.999999,0.0660759603783081,0.0023563007991631844
465,0.005448089806126062,0.00864669108682458,0.0076804673292912825,0.004977932027326644,0.002356291369969977
466,0.005448089819294599,0.008646903264729772,0.028695917739492337,0.004978026058951749,0.002356296172394625
467,0.005448089819294599,0.008646903264729772,0.028695917739492337,0.004978026058951749,0.002356296172394625
468,0.999999,0.008646895649573928,0.999999,0.004978025882268067,0.02673484470079238
469,0.999999,0.008654153645571176,0.8697084298469103,0.004978079995167209,0.0023563057085996307
470,0.005448089819294599,0.008646903264729772,0.028695917739492337,0.004978026058951749,0.002356296172394625
471,0.005448089819294599,0.008646903264729772,0.028695917739492337,0.004978026058951749,0.002356296172394625
472,0.005448089798365875,0.008646901658856643,0.028695917732359494,0.999999,0.0023562961723503327
473,0.10221798230594001,0.05559351435094491,0.999999,0.0050842616769385925,0.0024419080087854403
474,0.005448415942336666,0.999999,0.9996936485794574,0.004977987484257727,0.0023562939380343453
475,0.999999,0.7760985138086463,0.25558474266170794,0.004977949637795034,0.002393865215707181
476,0.005448089819294599,0.008646903264729772,0.028695917739492337,0.004978026058951749,0.002356296172394625
477,0.005448089819294599,0.008646903264729772,0.028695917739492337,0.004978026058951749,0.002356296172394625
478,0.999999,0.008926596974538195,0.999999,0.004977911563498006,0.002356286175325179
479,0.999999,7.412575125950902e-06,0.9997909638050407,0.004501413946442242,0.002211050610315156
480,0.999999,0.0973531280877698,0.999999,0.005010282226640208,0.0023547999492529977
481,0.005450844436689068,0.008644862864767518,0.999999,0.00583816728521477,0.0023562962007425635
482,0.005448089819294599,0.008646903264729772,0.028695917739492337,0.004978026058951749,0.002356296172394625
483,0.005461654935373108,0.9951225056881929,0.028719721603072026,0.005085505049361466,0.002440571255191179
484,0.0054480678602942464,0.999999,0.028695920636240713,0.004978022528431479,0.0023562959185283333
485,0.04968678526059615,0.008605634328227451,0.9999979151994636,0.00497790075759932,0.0023559004989637754
486,0.005580990725340315,0.999999,0.5885293335276276,0.999999,0.01801218542284371
487,0.0054480489569649695,7.322363396543744e-06,0.02869588318005285,0.004503771777904467,0.0022110562389833373
488,0.005448089819294599,0.008646903264729772,0.028695917739492337,0.004978026058951749,0.002356296172394625
489,0.005448089819294599,0.008646903264729772,0.028695917739492337,0.004978026058951749,0.002356296172394625
490,0.005418027615517569,0.990368087991834,0.9742996124884437,0.999999,0.0023568435248450957
491,0.005448089806126062,0.00864669108682458,0.0076804673292912825,0.004977932027326644,0.002356291369969977
492,0.005448089819294599,0.008646903264729772,0.028695917739492337,0.004978026058951749,0.002356296172394625
493,0.005448089062013147,0.00864691754207013,0.999999,0.004978026137610996,0.002356295754007203
494,0.005448089819294599,0.008646903264729772,0.028695917739492337,0.004978026058951749,0.002356296172394625
495,0.005448089819294599,0.008646903264729772,0.028695917739492337,0.004978026058951749,0.002356296172394625
496,0.005445857091170902,0.00865139510975066,0.21442649091041302,0.999999,0.0023561991195884487
497,0.005448089819294599,0.008646903264729772,0.028695917739492337,0.004978026058951749,0.002356296172394625
498,0.00545068456918674,0.008643423242068168,0.999999,0.004975422963416627,0.0023562887777705275
499,0.0054491452999418585,0.999999,0.9997265946430037,0.004978097973711427,0.002356309917428563
500,0.005447911765876536,0.008643502459630074,0.999998643916348,0.9999981480313069,0.002356291032206919
501,0.0772421771593851,0.008646903265380545,0.0286959177394924,0.0049780260589517705,0.002356296172394625
502,0.005450318146642736,0.999999,0.9996503678526978,0.004975320961015647,0.002356331087594787
503,0.999999,0.055128408160983695,0.999999,0.005093889572879697,0.999999
504,0.03857187831863591,0.008648171212670887,0.9848741107425546,0.004977924945398538,0.00235628758566502
505,0.005423311994267222,0.008613717218071274,0.999999,3.870235408087054e-06,0.002218058697155165
506,0.005449101378243631,0.008656234406628119,0.9994977229454718,0.004978098907927964,0.0023563085213208833
507,0.005451678287299569,7.419658791578367e-06,0.999999,0.0045014688603637375,0.002211060713128924
508,0.005448089730533252,0.008646891745273081,0.028695917717037188,0.00532218543340979,0.011717959816828454
509,0.005443646461456019,0.999999,0.02874771313910579,0.004980340654173676,0.0023559794685786427
510,0.005448089806278144,0.008646902121467185,0.02869591774026475,0.03458030382919659,0.002356296172373025
511,1.6896231535999146e-06,0.999999,0.06722485778545903,0.004979007453896445,0.0023559204701291145
512,0.005443788538206305,0.999999,0.9999989439559245,0.004979045751408584,0.002355928793563844
513,0.005448089819294599,0.008646903264729772,0.028695917739492337,0.004978026058951749,0.002356296172394625
514,0.005444307815001354,0.999999,0.999999,0.004979166417907162,0.0023559907819844894
515,0.005448089819294599,0.008646903264729772,0.028695917739492337,0.004978026058951749,0.002356296172394625
516,0.00543671014427807,0.008561115384103505,5.757518542742161e-06,0.004977646501948798,0.002355440128271313
517,0.0054208610127283756,0.008515339478767077,0.999999,0.004966268649816134,0.002353635578522423
518,0.999999,0.15743861031912723,0.028762815962216935,0.004702582367987721,0.008882935033210686
519,1.6912356377043202e-06,0.008646903264729772,0.028695917739492337,0.004978026058951749,0.002356296172394625
520,0.005450477499852245,0.999999,0.999999,0.05184084520060731,0.999999
521,0.005444240842025051,0.15589781901306002,0.999999,0.004979362316308349,0.002355917635808551
522,0.005697273929199832,0.007835523495914272,0.999999,0.004942581121070879,0.0023536849025228954
523,0.005574674811520719,0.5356923365235037,0.999999,0.999999,0.00236218081016159
524,0.005427219979571033,0.008567866625642174,0.028702728001541323,0.10613133221608716,0.999999
525,2.3398593874497625e-05,0.999999,0.999999,0.999999,0.002357802081493874
526,0.005441809623841555,0.008595851315478412,0.999999,0.004975161766738908,0.0023558247680964114
527,0.005449081892072644,0.00865496315679201,0.999999,0.004978086367427824,0.002356306918291402
528,0.999999,0.999999,0.999999,0.005505328149026164,0.0023792437544194506
529,1.996092044007746e-06,0.999999,0.028744854265770912,0.004979053948029268,0.0023537331552245296
530,0.005443023935025649,0.1557476124423886,0.6877531155393335,0.0049790385210879634,0.0023559231790877605
531,0.09559221743465567,0.08953656151238133,0.999999,0.004991527276772328,0.008877911330946802
532,1.6910194872468818e-06,0.999999,0.9999795539487754,0.004980265460980151,0.002355959135305644
533,0.005448547354441684,0.008628305314117794,0.9999989117104042,1.0811845296364892e-05,0.0023723190005987193
534,0.005451868124467153,0.9998120343611462,0.2190005649591246,0.999999,0.0023562821181512196
535,0.00543671014427807,0.008561115384103505,5.757518542742161e-06,0.004977646501948798,0.002355440128271313
536,0.00543671014427807,0.008561115384103505,5.757518542742161e-06,0.004977646501948798,0.002355440128271313
537,0.09559472505084182,0.00845553020918397,0.999999,0.004960323677263414,0.008864452537705436
538,0.005459933795192728,0.999999,0.9904734095568927,0.005076849754672057,0.0023587500592183786
539,0.005446838593091637,0.008635326278954749,9.50805767194703e-05,0.004977668426700576,0.0023562472286758752
540,0.005448089819294599,0.008646903264729772,0.028695917739492337,0.004978026058951749,0.002356296172394625
541,0.005460683543890466,0.999999,0.9986759676346894,0.005066053966446477,0.0023587798057073542
542,0.0054480489569649695,7.322363396543744e-06,0.02869588318005285,0.004503771777904467,0.0022110562389833373
543,0.005448089819294599,0.008646903264729772,0.028695917739492337,0.004978026058951749,0.002356296172394625
544,0.005448089819294599,0.008646903264729772,0.028695917739492337,0.004978026058951749,0.002356296172394625
545,3.329368716731469e-06,0.00875395996500589,0.028654855324173993,0.005002787967809537,0.002358182951169811
546,0.005448087196164855,0.008646813524501633,0.028695916410417417,0.004978025732741875,0.999999
547,0.005448089819290892,0.00864690326260733,0.028695917739492222,0.0049780260589516465,0.999999
548,0.00543671014427807,0.008561115384103505,5.757518542742161e-06,0.004977646501948798,0.002355440128271313
549,0.005421831774915077,0.999999,0.9861010724361999,0.005444036759345686,0.999999
550,0.005426561499183118,0.21158858559226124,0.028722044783546907,0.17702246695879145,0.999999
551,0.0054381191137469285,0.008257242694500861,0.999999,0.004937257962849041,0.002354226086770927
552,0.999999,0.043973015434116344,0.999999,0.005038872335699871,0.0023586272134229085
553,0.005448089819294599,0.008646903264729772,0.028695917739492337,0.004978026058951749,0.002356296172394625
554,0.0054483572788738095,0.008655852801965437,0.3649975438278428,0.004978140559893203,0.999999
555,0.005447182624367326,0.008638584093370484,0.028688082577479013,0.999999,0.002356311938094432
556,0.01906874363179025,0.8432809092576848,0.028696050014999325,0.004978194554718472,0.0023562826680563814
557,0.023375438327142527,0.10479669544608826,0.028696507252504246,0.999999,0.0023562994769522018
558,0.005448089819294599,0.008646903264729772,0.028695917739492337,0.004978026058951749,0.002356296172394625
559,0.005448089819294599,0.04723614948501125,0.028695917739492337,0.004978026058951749,0.002356296172394625
560,0.005445171729941623,0.00862164711982873,0.028692101466270235,0.999999,0.0023561708943690717
561,1.9928730012708166e-06,0.008564736492687871,0.999999,0.004970953548693673,0.0023541405433533686
562,0.04969220777887165,0.03977910911993195,0.02869175666690486,0.999999,0.0023560273670499
563,0.999999,0.008679209783634012,0.999999,0.10598268917268092,0.0023645441524587957
564,0.999999,0.033438670913247544,0.02878030107368273,0.005113961960627302,0.0023574909943006677
565,0.999999,0.008675306264902356,0.999999,0.004977746126228775,0.002356451731801648
566,0.999999,0.008649499077842845,0.9999299911858925,0.0049783020594749965,0.04650723741521432
567,0.005446573466075479,0.008646691705170252,1.8676583795748037e-05,0.004977791785365337,0.0023562966229802172
568,0.005448089819294599,0.008646903264729772,0.028695917739492337,0.004978026058951749,0.002356296172394625
569,0.005448089819294599,0.008646903264729772,0.028695917739492337,0.004978026058951749,0.002356296172394625
570,0.01703374264044712,0.9663373985960607,0.9999311322157878,0.005144620984014678,0.999999
571,0.005430475025220566,0.14229580225703967,0.3606553429697626,0.005112611903288474,0.0023580045796310427
572,0.005448019349845638,0.843272401542899,0.028696051756488605,0.004978202045033326,0.0023562930559290034
573,0.00543671014427807,0.008561115384103505,5.757518542742161e-06,0.004977646501948798,0.002355440128271313
574,0.00543671014427807,0.008561115384103505,5.757518542742161e-06,0.004977646501948798,0.002355440128271313
575,0.9608068737488552,0.008646903264725196,0.02869591773949236,0.004978026058951749,0.002356296172394625
576,0.005448089819294599,0.04723614948501125,0.028695917739492337,0.004978026058951749,0.002356296172394625
577,0.005448089819294599,0.008646903264729772,0.028695917739492337,0.004978026058951749,0.002356296172394625
578,0.00544979850117036,0.2415229367173154,0.3650074161605016,0.999999,0.0023563658837519015
579,0.14343233745535552,0.008646498187905402,0.028696270895608174,0.999999,0.0023562988190696226
580,0.999999,0.008645866073081255,0.06711537878241189,0.004978006289769919,0.002356294324607442
581,0.005147645788737071,0.007706882031953052,1.4071967837956116e-06,0.004807981615913895,0.002303524097155031
582,0.00544766144444286,0.999999,0.028695486573630236,0.004977925725835154,0.0023562853491560704
583,0.005460167473634868,0.008428488481181613,0.17215481916009726,0.004942174797665812,0.0023571888062126263
584,1.998032378612903e-06,0.008646901557384604,0.028695915788400278,0.004978026060670709,0.0023541040591475455
585,0.0054308623151196386,0.033630502578597024,0.999999,0.005112666996970027,0.002357895172491211
586,0.005444564196977679,0.008639678175578409,1.867686779894905e-05,0.05402366223654449,0.999999
587,0.0054480489569649695,7.322363396543744e-06,0.02869588318005285,0.004503771777904467,0.0022110562389833373
588,0.023414716504230448,0.05502812958622981,0.999999,0.999999,0.999999
589,0.03330649316762236,0.008647324105020842,0.9999912162738949,0.004979409859049684,0.00870104841458581
590,0.023379106121774646,0.00865748615349692,0.21443096346126309,0.004978556435020493,0.002356294602728418
591,1.6828370921267833e-06,0.008717543152938231,0.028710959452258506,0.999999,0.008877798980770695
592,0.005448643173936222,0.9625156870087344,0.028692211269126276,0.004978221161817768,0.0023564151569568396
593,0.023436142493448057,0.999999,0.1008655250994092,0.005086036888546971,0.01806501512663157
594,0.005448127140152843,0.00864669108682458,0.0076804673292912825,0.004977932027326644,0.017428735168118065
595,0.0054472238815922985,0.999999,0.028696111036114896,0.004977826977983057,0.002356272510168029
596,0.0054480898192834255,0.008646903264729788,0.09235934430391692,0.004978026058855619,0.0023562961723945833
597,0.005960778147658954,0.008718243294582713,0.09819134985207666,0.004984286985623445,0.04418789449927678
598,0.005449092301336347,0.999999,0.7016394237207961,0.004988946484298629,0.0023563044763580546
599,0.00542840123826247,0.008576450777740803,0.36507227492874994,0.0049805514346007475,0.999999
600,0.005430551121652755,0.033619945808453254,0.999999,0.005112579552442445,0.0023578838681947672
601,0.999999,0.3752524458404761,0.09813372711308739,0.022599948270701987,0.0023563862601209875
602,0.0005975312122207285,0.008674277736689481,0.999999,0.04383188516628775,0.008877829110709008
603,0.999999,0.8574628026351311,0.02871403334448728,0.999999,0.002356295808996751
604,0.07627661191258649,0.008676930834594367,0.2161008316833327,0.5890490158701468,0.0023562391333010737
605,0.005448089819294599,0.04723614948501125,0.028695917739492337,0.004978026058951749,0.002356296172394625
606,0.005451438721280783,0.008355420926957931,0.999999,0.004944293484077831,0.0023561823125486485
607,0.999999,0.008657327758434016,0.029878092120533765,0.005156734816490586,0.0023564392243243886
608,0.9999987078553483,0.521918678968733,0.028722809244247034,0.005950310590828911,0.999999
609,0.999998572997369,0.008667563532335585,0.02871440133770615,0.004978429048850415,0.0023563085181959624
610,0.005443760444918957,0.008630078918397219,0.999999,0.004989925116756803,0.0023722510056934554
611,0.005448088158272946,0.008646882777582979,0.028695917929346487,0.03458030382919659,0.0023562961776156413
612,3.4747668709883287e-06,0.008251457519324967,0.09545406981455809,0.005002850010244787,0.0023581853225927854
613,0.005421174060180899,0.008718579972274343,0.028710861078047538,0.004984287136234853,0.999999
614,0.005447946577465186,0.999999,0.028695812693494072,0.004978152857945473,0.002356287704945216
615,0.033200846351252145,0.999999,0.028780520181370728,1.1113617789375707e-05,0.017440707117708242
616,0.005448089819294599,0.008646903264729772,0.028695917739492337,0.004978026058951749,0.002356296172394625
617,0.005448089819294599,0.04723614948501125,0.028695917739492337,0.004978026058951749,0.002356296172394625
618,0.005443718549890647,0.03988883362891197,0.0003082130762147484,0.004981877279582237,0.04681185322133206
619,0.005351946239854958,0.008210451665407252,3.877531151606068e-06,3.834098733810754e-06,0.002210555230468899
620,0.10194442204171823,0.008645699539294616,0.0286981342799545,0.004978216426276415,0.8976675013212336
621,0.005448110322796412,0.00864808783778446,0.9353821098674783,0.0049780382995974586,0.999999
622,0.999999,0.055024827998819116,0.028717875770286182,0.005079152278505424,0.002440570156058741
623,0.999999,0.999999,0.999999,0.0049781224109338605,0.002356265415812166
624,0.999999,0.008651778582703044,0.028696773529172222,0.004978342203875365,0.0023562700129868535
625,0.005448089819294599,0.04723614948501125,0.028695917739492337,0.004978026058951749,0.002356296172394625
626,0.005447245179722079,0.999999,0.02869623908002854,0.999999,0.0023563135479926977
627,0.999999,0.008648618700744017,0.961830354161271,0.004982221526725989,0.0023723384559718274
628,0.00017219092845045155,0.30823941357554563,0.028781254657936246,0.999999,0.07223213198248134
629,0.14344631204717131,0.08898889554127246,0.028696385130462375,0.0049844352810981705,0.002356298326516441
630,0.005448821232242153,0.9998985449282592,0.028695914205640688,0.9999915950219932,0.00235627946922581
631,0.005441910093889926,0.00859701501294415,0.999999,0.004978642853785948,0.0023566103969754216
632,0.0054480898895923014,0.00864690014883581,0.09814386967936403,0.004978026064811402,0.0023562961723287957
633,0.005450460577031408,0.08316536363060956,0.999999,0.9839942677348003,0.999999
634,1.998032378612903e-06,0.008646901557384604,0.028695915788400278,0.004978026060670709,0.0023541040591475455
635,0.005448089664490917,0.008646890865985721,3.139632466577215e-05,0.004978026042279437,0.002356296172395215
636,0.005448085140282123,0.008646979580415333,0.028695914851081757,0.999999,0.002356296274323674
637,0.039335356700888294,0.999999,0.028697099271116286,0.00498241214876829,0.002356294724940044
638,0.005448089819294599,0.008646903264729772,0.028695917739492337,0.004978026058951749,0.002356296172394625
639,0.9980017646843851,0.008610707654379662,0.028696452846325913,0.0049783108911046915,0.0023558791324503996
640,0.005446576994350525,0.008639820165782705,6.321973456850137e-05,0.004978052504392804,0.016566871189704502
641,1.45462010240599e-05,0.0087555028198973,0.02865526979414153,0.05428185445585827,0.0023581875683415833
642,1.9983966793920663e-06,0.8434198989293692,0.999999,0.0049861043938593435,0.0023540553120053433
643,0.005442003999583893,0.008629439143619473,0.028693192335574623,0.00500971813163467,0.999999
644,0.005447182745172974,0.008638593152368139,0.0286880826130795,0.06993028051777153,0.0023563119383482557
645,0.03138353429135793,0.008579069505821475,9.508058220134472e-05,0.004972816796907412,0.0023554669701054114
646,0.16020474433001244,0.11889316061822519,0.028697212417453898,0.999999,0.999999
647,0.999999,0.008659553293579557,0.999999,0.004978401514340953,0.002356280705406892
648,0.005448089819294599,0.008646903264729772,0.028695917739492337,0.004978026058951749,0.002356296172394625
649,0.005448184453048789,0.22353665807977752,0.9998288953160084,0.14466923386201272,0.0023562952948862196
650,0.005415512177383,0.033295264544831206,0.999999,0.005105445923467376,0.999999
651,0.07646512841476998,0.39494204089417345,0.10086429939177348,0.999999,0.0024405647066113216
652,0.005448710282063281,0.999999,0.028696019383276795,0.999999,0.002356279020366422
653,0.005448093117166522,0.008646882567165247,0.44259903294338293,0.004978026247963513,0.999999
654,0.005448089819294599,0.04723614948501125,0.028695917739492337,0.004978026058951749,0.002356296172394625
655,0.005448079432254049,0.008641643790422482,0.9999986699715564,3.885386598017023e-06,0.002220591638947891
656,0.005448499099593454,0.999999,0.999999,0.0049779956090053035,0.016598248282298635
657,0.005448930551488031,0.212317588158227,0.364979480087305,0.999999,0.002356304617976216
658,0.00544809448101757,0.008646869499423714,0.9976895011630803,0.004978026368668719,0.999999
659,0.005421174130117508,0.00871857682862193,0.09819132190333443,0.004984287142101827,0.00887780050829826
660,0.006047510523530397,0.10507263557276904,0.999999,0.999999,0.999999
661,0.03143177972283277,0.008355399159631256,0.999999,0.004944198566433837,0.0023561609031372437
662,0.005448089819294599,0.008646903264729772,0.028695917739492337,0.004978026058951749,0.002356296172394625
663,0.005448089664269848,0.00864689086314469,1e-06,0.0049780260421959524,0.002356296172395215
664,0.999999,0.999999,0.999999,0.004979761126978723,0.002356405667652783
665,0.09620663311199415,0.999999,0.028722834800710525,0.4383658232298393,0.0023792532362274976
666,0.999999,0.008405407611729789,0.999999,0.004946874258306298,0.999999
667,1.6854748742837161e-06,0.033592625795754984,0.9089526958878684,0.999999,0.0023578802402428275
668,0.1434353747466933,0.008629262012923017,0.0001908779432171729,0.004977533145791683,0.0023561942466605998
669,0.09642080986908867,0.9493097810299325,0.5042720433202268,0.999999,0.0024642992445715215
670,0.005448739090103171,0.8484905494025925,0.028695951676383048,0.040661878033761055,0.002356292954230585
671,0.005448089819294599,0.04723614948501125,0.028695917739492337,0.004978026058951749,0.002356296172394625
672,0.005448662693384815,0.999999,0.25547504511964114,0.004979322194075191,0.0023563504061064945
673,0.005444571706543966,0.008601596784550436,0.999999,0.999999,0.002356508386925753
674,0.005449166527019532,0.00868317948862263,0.3649793400599094,0.39615587473491454,0.002356306119992803
675,3.3301272149117894e-06,0.999999,0.278240602910555,0.04081039457564544,0.0023581759278500872
676,0.04189255901869959,0.008646100559161117,0.5081102008935642,0.0049776850604563265,0.999999
677,0.005432691872636296,0.5190642374308654,0.0287158524014616,0.999999,0.0327793578398618
678,0.0054437067500588705,0.008636874849416389,0.02869274716757222,0.005009507658309064,0.999999
679,0.005444338173532047,0.0449695199901548,0.02869590150455738,0.004978048213839247,0.0023563014311290056
680,0.005454659211183027,0.008354305946017548,0.999999,0.004944209697615332,0.002356170736400615
681,0.0054564361352331565,0.2029700752136195,0.36708207165684525,0.999999,0.999999
682,0.005446538185833816,0.008639381293726194,0.999999,0.999999,0.002373663873423233
683,0.005448089819294599,0.008646903264729772,0.028695917739492337,0.004978026058951749,0.002356296172394625
684,0.9999971476344918,0.008675209824776245,0.028695928714014933,0.04061320865820881,0.0023562956953269774
685,0.999999,0.008777427490703753,0.21809228495251134,0.004966837222107622,0.07600017016816336
686,0.0054479957872948254,0.008645514777440574,0.02869583465387414,0.999999,0.002356294314451281
687,0.005448089806126062,0.00864669108682458,0.0076804673292912825,0.004977932027326644,0.002356291369969977
688,0.005448091078199029,0.008645976760973706,0.028695919998400685,0.034910326684352025,0.999999
689,0.02337381356873602,0.008646215325025035,0.02869637555001856,0.999999,0.002356296166263598
690,0.005448660482734435,0.999999,0.028695879820274474,0.999999,0.002356304257867426
691,0.9999750551377895,0.22317743921248187,0.999999,0.999999,0.999999
692,0.0054230443205632054,0.008217961494982398,0.999999,0.004932283392083306,0.0023535283924587982
693,0.005438807696658085,0.008588676954797456,0.999999,0.005322223143609091,0.999999
694,0.005448089819294599,0.008646903264729772,0.028695917739492337,0.004978026058951749,0.002356296172394625
695,0.005448090309756003,0.008647131645775696,0.0005803052809087478,0.999999,0.01659742396472111
696,0.005448089819294599,0.008646903264729772,0.028695917739492337,0.004978026058951749,0.002356296172394625
697,0.005448089819294599,0.008646903264729772,0.028695917739492337,0.004978026058951749,0.002356296172394625
698,0.02329740780945795,0.03360162246962137,0.7093146388830855,0.14801898407672787,0.016608469561911414
699,0.026503097198413053,0.21253423299510155,0.999999,0.999999,0.0023564501902195957
700,0.005442675082522698,0.008466816815728452,0.999999,0.00495563546610929,0.008877377814563502
701,0.10163156419702998,0.008571866612155695,0.028707522409530353,0.999999,0.03247209746962052
702,0.023374174130349215,0.008648377502916409,0.028696333183916286,0.999999,0.0023563104883341577
703,0.031140199061020654,0.008681823064388874,0.21763093155002497,0.004693261871829629,0.01660948681146095
704,0.04187625998646654,0.33749764584933617,0.0007341509998829803,0.004977879816956887,0.999999
705,0.005448039100375928,0.10832656141111825,0.02869591307589718,0.004978035122853156,0.999997275290924
706,0.00543671014427807,0.008561115384103505,5.757518542742161e-06,0.004977646501948798,0.002355440128271313
707,0.005448089819294599,0.04723614948501125,0.028695917739492337,0.004978026058951749,0.002356296172394625
708,0.03856466822426879,0.008646903266241941,0.02869591773948491,0.004978026058767483,0.00235629617239366
709,0.005421174130117508,0.00871857682862193,0.09819132190333443,0.004984287142101827,0.00887780050829826
710,0.14343364918639775,0.008648360126461311,0.0286963327303738,0.0049782460498880915,0.07218249883959052
711,0.005421174130117508,0.00871857682862193,0.09819132190333443,0.004984287142101827,0.00887780050829826
712,0.02397246099308426,0.999999,0.17000936340925982,0.005183400549347908,0.999999
713,0.005448085987442479,0.008646768636479334,0.43108591582771494,0.004978025569634815,0.999999
714,0.005448089819294599,0.008646903264729772,0.028695917739492337,0.004978026058951749,0.002356296172394625
715,0.7788316476267612,0.00928533128929923,6.322060073910895e-05,0.999999,0.999999
716,0.0054480489569649695,7.322363396543744e-06,0.02869588318005285,0.004503771777904467,0.0022110562389833373
717,0.005448089819294599,0.008646903264729772,0.028695917739492337,0.004978026058951749,0.002356296172394625
718,0.005480352171135145,0.008672341472563008,0.999999,0.04378820493279772,0.999999
719,0.03112576147172309,0.009325856682232916,0.028699011113721612,0.021293546851884098,0.017441935918975766
720,0.999999,0.008604526544891591,0.02869551707653769,0.004977975785770812,0.002355903500599197
721,0.999999,0.008158362635165999,0.6728041495436101,0.004977890863693006,0.2847823014838357
722,1.6888044003614475e-06,0.008607561755480846,0.999999,0.004978825155906105,0.0023563100364118942
723,0.005448089819294599,0.008646903264729772,0.028695917739492337,0.004978026058951749,0.002356296172394625
724,1.998032378612903e-06,0.008646901557384604,0.028695915788400278,0.004978026060670709,0.0023541040591475455
725,0.0054480898008278465,0.008646901731948781,6.322061427780402e-05,0.004978026058109194,0.0023562961723744796
726,0.005454086912725145,0.05437436534175943,0.999999,0.999999,0.00244061918770637
727,0.005447661340392044,0.999999,0.028695486587568778,0.004977925654148168,0.008701015867503712
728,0.005448155582658878,0.08299318812203847,0.3595485182361669,0.1023625300899071,0.002356263805626987
729,0.005412759961121934,0.008464729255451954,0.999999,0.06987619406241166,0.0023531782442521056
730,0.999999,0.008705154334817035,0.9858936220746233,0.004986285599736612,0.0023562774637377187
731,0.005448073112617403,0.008807373142210927,0.028695918241536587,0.999999,0.017428844611862428
732,0.031412967088353255,0.008646892910620953,0.028695919346633042,0.004977930375577619,0.002356274747686288
733,0.023185448068101425,0.28188747021605115,0.028791840399087876,0.999999,0.00888506102992761
734,0.005415052906880833,0.999999,6.402529287897386e-05,0.0052097672812654846,0.00889290658208339
735,0.0054160944245720865,0.008524591383167777,0.999999,0.004992882667744364,0.999999
736,0.18871316983779896,0.0086153414527552,0.999999,0.004976529488605648,0.0023560509936513246
737,0.005448089819294599,0.008646903264729772,0.028695917739492337,0.004978026058951749,0.002356296172394625
738,0.005448787079360177,0.008576861464267145,0.999999,0.004996903494844262,0.0023563333678014694
739,0.005448089819294599,0.008646903264729772,0.028695917739492337,0.004978026058951749,0.002356296172394625
740,0.005441543312766161,0.008576572383478783,0.999999,0.0049801169970474625,0.0023572040263231627
741,0.005448089819294599,0.008646903264729772,0.028695917739492337,0.004978026058951749,0.002356296172394625
742,0.005438885516298392,0.00801339371076369,0.007711022832100179,0.004972136769601388,1.8536372103217868e-06
743,0.0054480898008278465,0.008646901731948781,6.322061427780402e-05,0.004978026058109194,0.0023562961723744796
744,0.005446576994350525,0.008639820165782705,6.321973456850137e-05,0.004978052504392804,0.016566871189704502
745,0.04164381015507519,0.999999,0.8700864837367912,0.004997155619331285,0.0023649058522660954
746,0.999999,0.008672073509384965,0.029890751892041226,0.005157238763510356,0.0324744821745965
747,1.9980573069224438e-06,0.008648397672968254,0.2161009318804342,0.004985867672812981,0.00235404768954655
748,0.005448095719030589,0.08299432329900608,0.999999,0.999999,0.0023562957144211845
749,0.005447797918656936,0.00864505526527291,0.02869148876550923,0.999999,0.999999
750,0.03138353486832287,0.00857906948811146,0.0002315062037137216,1.07919171595869e-05,0.0023554669701053798
751,0.005448089819294599,0.008646903264729772,0.028695917739492337,0.004978026058951749,0.002356296172394625
752,0.019054870236971857,0.07779736460267939,0.999999,0.022537017094851893,1.8717027850083922e-06
